City_ID,City,Country,Date,Lat,Lng,Max Temp,Humidity,Cloudiness,Wind Speed
0,Grand-Santi,GF,2022-08-28 15:27:02,4.25,-54.3833,91.67,47,62,3.04
1,Belyy Yar,RU,2022-08-28 15:27:03,53.6039,91.3903,52.86,64,0,2.24
2,Saint-Philippe,RE,2022-08-28 15:27:03,-21.3585,55.7679,73.22,88,47,10.47
3,Timra,SE,2022-08-28 15:27:04,62.487,17.3257,67.68,51,40,11.5
4,Qaanaaq,GL,2022-08-28 15:27:04,77.484,-69.3632,34.32,62,93,4.0
5,Albany,US,2022-08-28 15:25:10,42.6001,-73.9662,75.67,77,2,3.0
6,Pangnirtung,CA,2022-08-28 15:27:05,66.1451,-65.7125,46.62,55,98,0.29
7,Geraldton,AU,2022-08-28 15:27:05,-28.7667,114.6,52.21,93,100,2.3
8,Atuona,PF,2022-08-28 15:27:05,-9.8,-139.0333,77.11,68,30,21.05
9,Cabo San Lucas,MX,2022-08-28 15:27:06,22.8909,-109.9124,88.05,65,40,2.3
10,Ushuaia,AR,2022-08-28 15:27:06,-54.8,-68.3,40.66,81,40,5.75
11,Esperance,AU,2022-08-28 15:27:06,-33.8667,121.9,52.65,56,100,11.43
12,Noumea,NC,2022-08-28 15:27:07,-22.2763,166.4572,71.01,99,100,12.28
13,Mataura,NZ,2022-08-28 15:27:07,-46.1927,168.8643,36.21,98,11,2.48
14,Kapaa,US,2022-08-28 15:27:07,22.0752,-159.319,77.32,88,40,16.11
15,Punta Arenas,CL,2022-08-28 15:26:51,-53.15,-70.9167,44.71,70,75,19.57
16,Cape Town,ZA,2022-08-28 15:24:03,-33.9258,18.4232,61.21,54,40,12.66
17,Thompson,CA,2022-08-28 15:27:08,55.7435,-97.8558,62.76,100,100,3.44
18,Hobart,AU,2022-08-28 15:26:30,-42.8794,147.3294,49.26,91,75,0.0
19,Kawhia,NZ,2022-08-28 15:27:08,-38.0651,174.8183,45.19,80,5,7.05
20,Bethel,US,2022-08-28 15:27:09,41.3712,-73.414,77.36,79,100,6.91
21,Rikitea,PF,2022-08-28 15:27:09,-23.1203,-134.9692,71.78,73,100,22.75
22,Saint-Augustin,CA,2022-08-28 15:27:09,51.226,-58.6502,71.83,38,58,22.24
23,Abrau-Dyurso,RU,2022-08-28 15:27:10,44.69,37.59,83.48,71,0,8.08
24,Cidreira,BR,2022-08-28 15:27:10,-30.1811,-50.2056,53.19,65,100,14.16
25,Hilo,US,2022-08-28 15:24:07,19.7297,-155.09,77.29,81,75,4.61
26,Severo-Kurilsk,RU,2022-08-28 15:27:10,50.6789,156.125,61.18,93,42,18.52
27,Naze,JP,2022-08-28 15:27:11,28.3667,129.4833,81.52,82,83,5.64
28,Quatre Cocos,MU,2022-08-28 15:27:11,-20.2078,57.7625,71.71,86,30,10.22
29,Nikolskoye,RU,2022-08-28 15:27:11,59.7035,30.7861,84.87,38,42,4.32
30,Bredasdorp,ZA,2022-08-28 15:27:12,-34.5322,20.0403,59.16,52,27,14.32
31,Acarau,BR,2022-08-28 15:27:12,-2.8856,-40.12,88.54,52,86,16.93
32,Tuktoyaktuk,CA,2022-08-28 15:27:13,69.4541,-133.0374,41.0,100,100,9.22
33,Kupang,ID,2022-08-28 15:27:13,-10.1667,123.5833,76.62,80,8,11.5
34,Baker City,US,2022-08-28 15:27:13,44.7749,-117.8344,61.65,65,0,0.0
35,Busselton,AU,2022-08-28 15:27:13,-33.65,115.3333,50.5,72,92,6.33
36,Torbay,CA,2022-08-28 15:27:14,47.6666,-52.7314,68.88,66,40,8.05
37,Narsaq,GL,2022-08-28 15:27:14,60.9167,-46.05,48.42,60,100,0.92
38,Hastings,GB,2022-08-28 15:27:14,50.8552,0.5729,73.53,60,100,19.95
39,Fortuna,US,2022-08-28 15:27:15,40.5982,-124.1573,53.94,96,20,6.91
40,Touho,NC,2022-08-28 15:27:15,-20.7833,165.2333,71.91,82,100,20.87
41,Rio Gallegos,AR,2022-08-28 15:27:15,-51.6226,-69.2181,39.25,81,0,9.22
42,Georgetown,MY,2022-08-28 15:24:39,5.4112,100.3354,80.89,91,20,4.61
43,Hovd,MN,2022-08-28 15:27:16,48.0056,91.6419,54.32,73,94,2.39
44,Ustrzyki Dolne,PL,2022-08-28 15:27:16,49.4304,22.5938,76.98,100,99,3.83
45,Grindavik,IS,2022-08-28 15:28:16,63.8424,-22.4338,55.35,76,75,20.71
46,Havelock,US,2022-08-28 15:27:34,34.8791,-76.9013,87.06,79,40,9.22
47,San Felipe,VE,2022-08-28 15:28:17,10.3399,-68.7425,90.82,40,42,4.61
48,Port Elizabeth,ZA,2022-08-28 15:28:17,-33.918,25.5701,64.69,68,20,5.75
49,Butaritari,KI,2022-08-28 15:28:17,3.0707,172.7902,81.0,78,56,13.94
50,Cherskiy,RU,2022-08-28 15:28:18,68.75,161.3,51.48,69,45,6.02
51,Conceicao Do Araguaia,BR,2022-08-28 15:28:18,-8.2578,-49.2647,98.47,15,7,9.66
52,Deputatskiy,RU,2022-08-28 15:28:19,69.3,139.9,44.29,79,98,2.48
53,The Pas,CA,2022-08-28 15:28:19,53.8251,-101.2541,68.02,83,20,4.61
54,Vangaindrano,MG,2022-08-28 15:28:19,-23.35,47.6,67.41,81,1,6.89
55,Victoria,HK,2022-08-28 15:25:57,22.2855,114.1577,86.38,83,100,5.99
56,Kiama,AU,2022-08-28 15:28:20,-34.6833,150.8667,60.58,82,73,5.01
57,Pokosnoye,RU,2022-08-28 15:28:20,55.5258,101.0536,41.81,86,96,7.58
58,Pevek,RU,2022-08-28 15:28:20,69.7008,170.3133,37.58,82,30,3.22
59,Joshimath,IN,2022-08-28 15:28:21,30.5667,79.5667,71.62,87,84,0.63
60,Antofagasta,CL,2022-08-28 15:28:21,-23.65,-70.4,58.28,59,66,6.76
61,Bandarbeyla,SO,2022-08-28 15:28:21,9.4942,50.8122,75.97,82,2,28.99
62,Vaini,TO,2022-08-28 15:28:22,-21.2,-175.2,69.96,94,20,5.75
63,Hermanus,ZA,2022-08-28 15:28:22,-34.4187,19.2345,58.8,61,15,13.18
64,Sistranda,NO,2022-08-28 15:28:22,63.7256,8.834,57.16,71,6,8.03
65,Alice Springs,AU,2022-08-28 15:27:38,-23.7,133.8833,54.95,33,100,5.75
66,Livingston,GB,2022-08-28 15:28:17,55.9029,-3.5226,71.8,75,20,11.5
67,Kalanchak,UA,2022-08-28 15:28:23,46.2562,33.2907,85.24,39,1,13.4
68,Solnechnyy,RU,2022-08-28 15:28:23,50.7214,136.6319,46.08,92,22,3.85
69,Klaksvik,FO,2022-08-28 15:28:24,62.2266,-6.589,52.72,73,4,8.97
70,Ambon,ID,2022-08-28 15:28:24,-3.6954,128.1814,77.23,15,40,4.61
71,Bengkulu,ID,2022-08-28 15:28:24,-3.8004,102.2655,75.34,91,100,4.09
72,Port Alfred,ZA,2022-08-28 15:28:24,-33.5906,26.891,64.18,77,1,1.99
73,Kargil,IN,2022-08-28 15:28:25,34.5667,76.1,62.62,40,12,10.0
74,Ribeira Grande,PT,2022-08-28 15:28:25,38.5167,-28.7,77.4,65,40,5.75
75,Manta,EC,2022-08-28 15:28:25,-0.95,-80.7333,76.78,73,75,8.05
76,Constitucion,CL,2022-08-28 15:25:02,-35.3333,-72.4167,56.7,47,0,4.9
77,San Lazaro,BZ,2022-08-28 15:28:26,18.0387,-88.6622,85.42,69,10,6.08
78,Okha,RU,2022-08-28 15:28:26,53.5739,142.9478,53.56,98,100,5.77
79,Carnarvon,AU,2022-08-28 15:28:26,-24.8667,113.6333,64.38,62,0,21.92
80,Leshukonskoye,RU,2022-08-28 15:28:27,64.8989,45.7622,67.82,63,86,4.97
81,Adrar,MR,2022-08-28 15:28:27,20.5022,-10.0711,104.76,15,1,9.84
82,Nemuro,JP,2022-08-28 15:28:27,43.3236,145.575,64.72,88,100,8.01
83,Manoel Urbano,BR,2022-08-28 15:28:28,-8.8389,-69.2597,94.46,38,53,1.05
84,Iqaluit,CA,2022-08-28 15:24:49,63.7506,-68.5145,46.13,65,75,3.44
85,Bom Jesus,BR,2022-08-28 15:28:28,-9.0744,-44.3586,95.13,19,52,5.79
86,Upernavik,GL,2022-08-28 15:28:28,72.7868,-56.1549,39.31,69,76,5.53
87,Port Keats,AU,2022-08-28 15:28:29,-14.25,129.55,72.84,70,14,5.37
88,Gladstone,AU,2022-08-28 15:28:29,-23.85,151.25,62.53,77,62,4.61
89,Kahului,US,2022-08-28 15:25:13,20.8947,-156.47,77.85,75,20,8.05
90,Waitati,NZ,2022-08-28 15:28:29,-45.75,170.5667,48.79,81,46,6.2
91,Khani,GE,2022-08-28 15:28:30,41.9563,42.9566,76.57,64,1,4.81
92,Husavik,IS,2022-08-28 15:29:30,66.0449,-17.3389,54.82,54,100,3.36
93,Camacha,PT,2022-08-28 15:29:30,33.0833,-16.3333,72.82,57,20,10.36
94,Mizdah,LY,2022-08-28 15:29:30,31.4451,12.9801,97.57,18,16,0.18
95,Latung,PH,2022-08-28 15:29:31,5.5,120.8833,84.76,73,46,12.62
96,Liverpool,GB,2022-08-28 15:29:05,53.4106,-2.9779,75.7,49,20,2.3
97,Alghero,IT,2022-08-28 15:29:31,40.5589,8.3181,84.29,61,0,12.66
98,New Norfolk,AU,2022-08-28 15:29:31,-42.7826,147.0587,48.92,68,100,2.68
99,Agra,IN,2022-08-28 15:29:32,27.1833,78.0167,90.77,46,100,3.27
100,Guasdualito,VE,2022-08-28 15:29:32,7.2424,-70.7324,85.39,64,28,1.25
101,Yar-Sale,RU,2022-08-28 15:29:32,66.8333,70.8333,46.06,54,100,12.93
102,Faya,SA,2022-08-28 15:29:33,18.3851,42.4509,78.91,46,99,2.95
103,Nayoro,JP,2022-08-28 15:29:33,44.3506,142.4578,58.37,96,60,4.92
104,Oktyabrskiy,RU,2022-08-28 15:29:33,54.4815,53.471,75.92,42,67,7.07
105,Kaitangata,NZ,2022-08-28 15:29:33,-46.2817,169.8464,39.63,94,11,3.44
106,Norman Wells,CA,2022-08-28 15:29:34,65.282,-126.8329,53.64,87,75,3.44
107,Vila Velha,BR,2022-08-28 15:26:49,-20.3297,-40.2925,84.15,69,0,14.97
108,Carroll,US,2022-08-28 15:29:34,39.5501,-77.0164,84.47,73,75,5.01
109,Kodiak,US,2022-08-28 15:29:35,57.79,-152.4072,51.31,87,100,6.91
110,Beloha,MG,2022-08-28 15:29:35,-25.1667,45.05,72.14,45,0,9.13
111,Dikson,RU,2022-08-28 15:29:35,73.5069,80.5464,38.01,87,100,19.17
112,Sola,VU,2022-08-28 15:29:35,-13.8833,167.55,78.93,80,50,16.75
113,Provideniya,RU,2022-08-28 15:29:36,64.3833,-173.3,43.12,85,61,1.88
114,Muros,ES,2022-08-28 15:29:36,42.7762,-9.0603,87.67,81,71,5.21
115,Saskylakh,RU,2022-08-28 15:29:36,71.9167,114.0833,41.11,66,100,2.15
116,Oulainen,FI,2022-08-28 15:29:36,64.2667,24.8,58.8,50,85,6.67
117,Kandrian,PG,2022-08-28 15:29:37,-6.2167,149.55,77.32,89,89,4.81
118,Ancud,CL,2022-08-28 15:29:37,-41.8697,-73.8203,45.52,71,6,7.31
119,Bemidji,US,2022-08-28 15:29:37,47.4736,-94.8803,70.18,91,100,13.8
120,Bluff,NZ,2022-08-28 15:29:38,-46.6,168.3333,42.58,86,5,5.59
121,Manali,IN,2022-08-28 15:29:38,13.1667,80.2667,82.49,73,52,6.93
122,Lavrentiya,RU,2022-08-28 15:29:38,65.5833,-171.0,39.42,81,38,2.68
123,Nanortalik,GL,2022-08-28 15:29:39,60.1432,-45.2371,40.93,96,100,3.8
124,Jamestown,US,2022-08-28 15:28:44,42.097,-79.2353,79.95,59,0,5.01
125,Yenagoa,NG,2022-08-28 15:29:39,4.9247,6.2642,83.28,66,100,6.02
126,Miri,MY,2022-08-28 15:29:39,4.4148,114.0089,78.94,94,40,3.44
127,Boke,GN,2022-08-28 15:29:40,10.9409,-14.2967,82.92,82,100,4.29
128,Hangu,CN,2022-08-28 15:29:40,39.2489,117.7892,62.64,90,100,7.2
129,Charters Towers,AU,2022-08-28 15:29:40,-20.1,146.2667,62.24,87,36,13.71
130,West Wendover,US,2022-08-28 15:29:41,40.7391,-114.0733,70.81,33,0,0.0
131,Valparaiso,CL,2022-08-28 15:26:57,-33.0393,-71.6273,65.84,58,0,4.61
132,Batemans Bay,AU,2022-08-28 15:29:41,-35.7167,150.1833,56.1,83,100,3.87
133,Andenes,NO,2022-08-28 15:29:41,69.3143,16.1194,51.93,87,75,17.27
134,Broken Hill,AU,2022-08-28 15:29:42,-31.95,141.4333,60.8,57,59,8.46
135,Walvis Bay,NA,2022-08-28 15:29:42,-22.9575,14.5053,63.55,59,6,12.66
136,La Ronge,CA,2022-08-28 15:29:42,55.1001,-105.2842,64.65,94,100,6.91
137,Limbang,MY,2022-08-28 15:29:42,4.75,115.0,77.11,97,35,1.88
138,Avarua,CK,2022-08-28 15:29:43,-21.2078,-159.775,73.45,88,16,9.22
139,Qaqortoq,GL,2022-08-28 15:29:43,60.7167,-46.0333,44.92,81,100,4.03
140,Chuy,UY,2022-08-28 15:30:43,-33.6971,-53.4616,51.66,46,62,14.25
141,Hirara,JP,2022-08-28 15:30:44,24.8,125.2833,84.49,75,42,2.42
142,Khor,RU,2022-08-28 15:30:44,47.8861,134.9464,51.8,94,40,4.83
143,Ayagoz,KZ,2022-08-28 15:30:44,47.9714,80.4392,57.69,32,0,13.89
144,Codrington,AU,2022-08-28 15:30:45,-38.2667,141.9667,55.15,64,79,12.15
145,Saveh,IR,2022-08-28 15:30:45,35.0213,50.3566,86.25,8,0,6.44
146,Puerto El Triunfo,SV,2022-08-28 15:30:45,13.2833,-88.55,83.32,70,100,1.68
147,Byron Bay,AU,2022-08-28 15:30:46,-28.65,153.6167,56.95,89,36,4.76
148,Athboy,IE,2022-08-28 15:30:47,53.6186,-6.9206,64.69,65,100,9.8
149,Svetlogorsk,BY,2022-08-28 15:30:47,52.6333,29.7333,66.16,69,97,5.01
150,Saint George,US,2022-08-28 15:29:30,37.1041,-113.5841,83.79,34,0,3.0
151,Nishihara,JP,2022-08-28 15:30:47,26.1842,127.7558,84.25,84,40,5.75
152,Lorengau,PG,2022-08-28 15:30:48,-2.0226,147.2712,80.53,83,76,10.8
153,Lebu,CL,2022-08-28 15:30:48,-37.6167,-73.65,53.51,57,0,12.24
154,Longyearbyen,SJ,2022-08-28 15:30:49,78.2186,15.6401,40.84,65,20,5.75
155,Krasnogorskiy,RU,2022-08-28 15:30:49,54.6025,61.231,73.24,45,72,8.66
156,Aripuana,BR,2022-08-28 15:30:49,-9.1667,-60.6333,87.24,54,95,3.47
157,Aklavik,CA,2022-08-28 15:30:50,68.2191,-135.0107,48.2,93,100,9.22
158,East London,ZA,2022-08-28 15:26:07,-33.0153,27.9116,67.14,72,0,11.5
159,Urucui,BR,2022-08-28 15:30:50,-7.2294,-44.5561,96.13,24,39,7.85
160,Rzhev,RU,2022-08-28 15:30:50,56.2624,34.3282,76.03,36,100,6.49
161,Ponta Delgada,PT,2022-08-28 15:30:51,37.7333,-25.6667,76.5,88,40,19.57
162,Rena,NO,2022-08-28 15:30:51,61.1348,11.3641,63.55,54,82,6.22
163,Arraial Do Cabo,BR,2022-08-28 15:30:51,-22.9661,-42.0278,87.76,54,0,11.5
164,Berlevag,NO,2022-08-28 15:30:51,70.8578,29.0864,50.0,93,100,14.97
165,Saravan,AM,2022-08-28 15:30:52,39.7196,45.6483,69.62,34,62,7.96
166,Paracuru,BR,2022-08-28 15:29:50,-3.41,-39.0306,81.1,50,33,15.84
167,Ponta Do Sol,PT,2022-08-28 15:30:53,32.6667,-17.1,75.83,65,58,3.98
168,Gamba,GA,2022-08-28 15:30:53,-2.65,10.0,75.78,72,71,11.12
169,Bartica,GY,2022-08-28 15:30:53,6.4,-58.6167,86.32,54,59,1.74
170,Nadvoitsy,RU,2022-08-28 15:30:53,63.8667,34.3167,64.4,89,18,5.55
171,Touros,BR,2022-08-28 15:30:55,-5.1989,-35.4608,83.53,62,44,17.74
172,Pangody,RU,2022-08-28 15:30:55,65.85,74.4859,44.08,61,100,11.27
173,Pochutla,MX,2022-08-28 15:30:55,15.7432,-96.4661,82.81,71,100,0.87
174,Airai,TL,2022-08-28 15:30:56,-8.9266,125.4092,56.5,88,47,2.84
175,Beringovskiy,RU,2022-08-28 15:30:56,63.05,179.3167,50.56,77,63,5.88
176,Ilulissat,GL,2022-08-28 15:30:57,69.2167,-51.1,44.62,57,20,8.05
177,Saint Anthony,US,2022-08-28 15:30:54,45.0205,-93.218,73.15,92,100,11.5
178,Matadi,CD,2022-08-28 15:30:57,-5.8167,13.45,88.75,39,83,10.8
179,Zarand,IR,2022-08-28 15:30:58,30.8127,56.564,73.35,8,0,8.46
180,San Patricio,US,2022-08-28 15:30:58,28.017,-97.5169,89.85,61,7,9.31
181,Mount Isa,AU,2022-08-28 15:30:58,-20.7333,139.5,65.97,59,39,0.0
182,Ostrovnoy,RU,2022-08-28 15:31:59,68.0531,39.5131,53.1,92,97,6.13
183,Yellowknife,CA,2022-08-28 15:29:14,62.456,-114.3525,55.92,94,100,13.8
184,Golden Gate,US,2022-08-28 15:31:59,26.1879,-81.6951,92.03,70,20,4.61
185,Fairbanks,US,2022-08-28 15:31:59,64.8378,-147.7164,52.92,91,75,0.0
186,Krasnoselkup,RU,2022-08-28 15:32:00,65.7,82.4667,38.64,87,100,10.47
187,Jumla,NP,2022-08-28 15:32:00,29.2747,82.1838,61.41,94,100,2.24
188,Tambun,ID,2022-08-28 15:32:00,-6.2641,107.0712,78.69,84,100,2.39
189,Bonthe,SL,2022-08-28 15:32:01,7.5264,-12.505,74.77,93,100,16.75
190,Hasaki,JP,2022-08-28 15:32:01,35.7333,140.8333,70.29,78,93,17.2
191,Mar Del Plata,AR,2022-08-28 15:30:24,-38.0023,-57.5575,53.1,58,40,15.01
192,Vanimo,PG,2022-08-28 15:32:01,-2.6741,141.3028,77.58,90,100,6.4
193,Faanui,PF,2022-08-28 15:32:02,-16.4833,-151.75,76.78,75,7,8.12
194,Kloulklubed,PW,2022-08-28 15:32:02,7.0419,134.2556,75.7,75,93,11.36
195,Trairi,BR,2022-08-28 15:27:37,-3.2778,-39.2689,88.12,47,19,15.75
196,Barrow,US,2022-08-28 15:32:03,71.2906,-156.7887,37.42,93,100,5.75
197,Namibe,AO,2022-08-28 15:32:03,-15.1961,12.1522,64.13,75,21,10.09
198,Tiksi,RU,2022-08-28 15:32:03,71.6872,128.8694,40.71,81,34,3.06
199,Vila Franca Do Campo,PT,2022-08-28 15:32:04,37.7167,-25.4333,76.19,78,72,11.68
200,Prieska,ZA,2022-08-28 15:32:04,-29.6641,22.7474,71.73,16,0,18.12
201,Mujiayingzi,CN,2022-08-28 15:32:05,42.1167,118.7833,54.73,89,100,3.24
202,Trincomalee,LK,2022-08-28 15:32:05,8.5711,81.2335,80.85,73,90,14.2
203,Venice,US,2022-08-28 15:32:05,27.0998,-82.4543,91.38,75,20,5.75
204,Burns Lake,CA,2022-08-28 15:30:54,54.2331,-125.7533,49.42,77,100,5.17
205,Lisakovsk,KZ,2022-08-28 15:32:06,52.5369,62.4936,70.27,46,6,8.43
206,Grand Gaube,MU,2022-08-28 15:32:06,-20.0064,57.6608,72.37,77,14,5.99
207,Port Hedland,AU,2022-08-28 15:32:06,-20.3167,118.5667,60.85,82,0,6.91
208,Kaeo,NZ,2022-08-28 15:32:07,-35.1,173.7833,52.32,94,50,7.14
209,Brumadinho,BR,2022-08-28 15:28:48,-20.1433,-44.1997,88.12,23,0,2.44
210,Cocobeach,GA,2022-08-28 15:32:07,1.0002,9.5823,78.82,69,73,8.9
211,Dingle,PH,2022-08-28 15:32:08,10.9995,122.6711,76.91,91,46,2.95
212,Staritsa,RU,2022-08-28 15:32:08,56.5075,34.9354,75.9,38,100,4.65
213,Gabriel Leyva Solano,MX,2022-08-28 15:32:08,25.6667,-108.6417,78.03,72,73,7.63
214,Kashi,CN,2022-08-28 15:32:09,39.4547,75.9797,61.81,88,40,8.95
215,Narrabri,AU,2022-08-28 15:32:09,-30.3167,149.7833,58.51,68,5,1.99
216,Port Lincoln,AU,2022-08-28 15:32:09,-34.7333,135.8667,56.05,84,99,13.42
217,Seljord,NO,2022-08-28 15:32:10,59.4894,8.634,69.4,61,76,4.32
218,Necochea,AR,2022-08-28 15:32:10,-38.5473,-58.7368,49.15,51,18,16.67
219,Baudh,IN,2022-08-28 15:32:10,20.8416,84.3213,80.22,84,90,3.83
220,Richards Bay,ZA,2022-08-28 15:32:11,-28.783,32.0377,68.54,82,1,11.79
221,Altamont,US,2022-08-28 15:31:51,42.2068,-121.7372,59.77,80,0,0.0
222,Imeni Poliny Osipenko,RU,2022-08-28 15:32:11,52.4201,136.4853,43.88,93,2,2.57
223,Luau,AO,2022-08-28 15:32:12,-10.7073,22.2247,86.97,23,50,7.23
224,Standish,US,2022-08-28 15:31:11,43.9831,-83.9589,78.84,58,98,9.46
225,Tateyama,JP,2022-08-28 15:32:12,34.9833,139.8667,73.09,83,97,15.99
226,Kirakira,SB,2022-08-28 15:32:13,-10.4544,161.9205,77.25,86,100,10.2
227,Tuatapere,NZ,2022-08-28 15:32:13,-46.1333,167.6833,39.29,93,7,3.69
228,Ahuimanu,US,2022-08-28 15:33:13,21.4447,-157.8378,77.2,79,75,10.36
229,Ishigaki,JP,2022-08-28 15:33:14,24.3448,124.1572,80.73,100,44,3.44
230,Sanandaj,IR,2022-08-28 15:33:14,35.3144,46.9923,87.82,7,0,6.91
231,Ingham,US,2022-08-28 15:33:14,42.6,-84.3833,80.91,68,75,9.22
232,Piacabucu,BR,2022-08-28 15:33:15,-10.4056,-36.4344,79.12,66,26,11.18
233,Luanda,AO,2022-08-28 15:33:15,-8.8368,13.2343,73.4,73,75,5.75
234,Santiago Del Estero,AR,2022-08-28 15:28:59,-27.7951,-64.2615,60.48,24,91,12.37
235,Torrijos,ES,2022-08-28 15:33:15,39.9819,-4.2835,97.84,19,0,7.63
236,Kavaratti,IN,2022-08-28 15:33:16,10.5669,72.642,80.94,81,97,18.59
237,Bambous Virieux,MU,2022-08-28 15:33:16,-20.3428,57.7575,72.21,88,75,11.5
238,Novosemeykino,RU,2022-08-28 15:33:16,53.3833,50.3667,85.15,25,0,4.47
239,Port Hardy,CA,2022-08-28 15:30:54,50.6996,-127.4199,57.38,94,100,4.61
240,Andros Town,BS,2022-08-28 15:33:17,24.7,-77.7667,76.96,68,14,16.15
241,Qandala,SO,2022-08-28 15:33:17,11.472,49.8728,87.1,63,13,2.91
242,Kadoma,JP,2022-08-28 15:33:17,34.7333,135.5833,75.18,56,5,3.44
243,Wajima,JP,2022-08-28 15:33:18,37.4,136.9,70.77,65,46,11.83
244,Amarante Do Maranhao,BR,2022-08-28 15:33:18,-5.5667,-46.7422,97.41,16,86,6.62
245,Tilichiki,RU,2022-08-28 15:33:18,60.4667,166.1,51.26,81,100,3.09
246,Viedma,AR,2022-08-28 15:33:19,-40.8135,-62.9967,57.58,22,0,15.23
247,Huarmey,PE,2022-08-28 15:33:19,-10.0681,-78.1522,66.79,72,37,9.26
248,Nacala,MZ,2022-08-28 15:33:19,-14.5428,40.6728,72.45,69,7,5.21
249,Buchanan,LR,2022-08-28 15:33:20,5.8808,-10.0467,75.99,85,100,13.85
250,Avera,US,2022-08-28 15:33:20,33.194,-82.5271,86.56,57,85,8.93
251,Oksbol,DK,2022-08-28 15:33:20,55.6268,8.2876,69.91,81,72,18.43
252,Sulangan,PH,2022-08-28 15:33:21,11.1373,123.7228,83.93,74,5,4.94
253,Uruguaiana,BR,2022-08-28 15:33:21,-29.7547,-57.0883,53.53,40,40,20.71
254,Waipawa,NZ,2022-08-28 15:33:21,-41.4122,175.5153,42.62,78,100,6.58
255,Chokurdakh,RU,2022-08-28 15:33:22,70.6333,147.9167,46.47,77,90,6.73
256,Poum,NC,2022-08-28 15:33:22,-20.2333,164.0167,73.33,80,100,11.81
257,Fukue,JP,2022-08-28 15:33:22,32.6881,128.8419,79.07,65,57,7.9
258,Agua Dulce,MX,2022-08-28 15:33:23,18.1333,-94.1333,74.98,75,100,4.09
259,Nova Aurora,BR,2022-08-28 15:33:23,-22.8667,-52.5667,84.38,37,63,6.22
260,Lydenburg,ZA,2022-08-28 15:33:23,-25.0978,30.4597,61.38,45,1,4.9
261,Alta,NO,2022-08-28 15:33:23,69.9689,23.2717,53.19,70,75,13.8
262,Leh,IN,2022-08-28 15:32:12,34.1667,77.5833,65.37,40,40,7.58
263,Toktogul,KG,2022-08-28 15:33:24,41.8708,72.9402,70.88,42,69,6.08
264,Umm Kaddadah,SD,2022-08-28 15:33:24,13.6017,26.6876,91.4,31,25,8.9
265,Hay River,CA,2022-08-28 15:33:24,60.8156,-115.7999,51.78,93,100,5.75
266,Hami,CN,2022-08-28 15:33:25,42.8,93.45,75.79,17,1,11.25
267,Yaan,NG,2022-08-28 15:33:25,7.3833,8.5667,76.78,87,100,2.24
268,Urumqi,CN,2022-08-28 15:33:25,43.801,87.6005,72.55,29,0,4.47
269,Puerto Escondido,MX,2022-08-28 15:33:26,15.85,-97.0667,83.23,69,100,6.91
270,Dunedin,NZ,2022-08-28 15:30:26,-45.8742,170.5036,48.79,81,31,8.01
271,Veraval,IN,2022-08-28 15:33:26,20.9,70.3667,80.29,76,99,7.92
272,Alta Floresta,BR,2022-08-28 15:29:43,-9.8756,-56.0861,96.62,32,23,8.05
273,Nome,US,2022-08-28 15:33:27,64.5011,-165.4064,42.87,82,0,12.66
274,Sambava,MG,2022-08-28 15:33:27,-14.2667,50.1667,72.27,83,44,15.52
275,Durban,ZA,2022-08-28 15:33:27,-29.8579,31.0292,68.92,89,57,3.0
276,Yueyang,CN,2022-08-28 15:33:28,29.3333,113.0919,72.12,86,93,12.28
277,Saldanha,ZA,2022-08-28 15:34:28,-33.0117,17.9442,60.85,59,24,11.03
278,Sabang,ID,2022-08-28 15:34:28,5.8933,95.3214,82.51,75,52,20.6
279,Aljezur,PT,2022-08-28 15:34:29,37.3191,-8.8033,72.81,58,1,7.83
280,Miles City,US,2022-08-28 15:30:41,46.4083,-105.8406,67.17,42,0,20.71
281,Tinde,TZ,2022-08-28 15:34:29,-3.8833,33.2,82.38,30,95,4.12
282,Severo-Yeniseyskiy,RU,2022-08-28 15:34:30,60.3725,93.0408,39.97,96,100,7.54
283,Yerbogachen,RU,2022-08-28 15:34:30,61.2767,108.0108,41.32,93,81,9.04
284,Oleksandrivka,UA,2022-08-28 15:34:30,48.9634,32.2349,83.66,26,16,7.58
285,Sao Gabriel,BR,2022-08-28 15:34:31,-30.3364,-54.32,54.21,49,51,15.41
286,Portland,US,2022-08-28 15:34:09,45.5234,-122.6762,62.42,82,75,5.01
287,Gwadar,PK,2022-08-28 15:34:31,25.1216,62.3254,80.42,79,0,13.73
288,Sept-Iles,CA,2022-08-28 15:34:31,50.2001,-66.3821,69.06,62,75,12.66
289,Karratha,AU,2022-08-28 15:34:32,-20.7377,116.8463,70.29,57,0,6.38
290,Tasiilaq,GL,2022-08-28 15:34:32,65.6145,-37.6368,44.76,95,100,19.08
291,Lompoc,US,2022-08-28 15:32:33,34.6391,-120.4579,58.51,97,100,0.0
292,Tecate,MX,2022-08-28 15:34:32,32.5667,-116.6333,78.58,50,0,3.71
293,Boromo,BF,2022-08-28 15:34:33,11.75,-2.9333,78.08,82,100,8.66
294,Pryyutivka,UA,2022-08-28 15:34:33,48.7209,33.0708,78.67,56,57,3.29
295,Gornyye Klyuchi,RU,2022-08-28 15:34:33,45.25,133.5,55.63,82,100,4.41
296,Marawi,PH,2022-08-28 15:34:33,7.9986,124.2928,69.26,93,69,2.19
297,Lokomotivnyy,RU,2022-08-28 15:34:34,53.0118,60.5684,70.16,49,16,7.0
298,Calatayud,ES,2022-08-28 15:34:34,41.3535,-1.6432,91.9,20,38,10.74
299,Sur,OM,2022-08-28 15:34:34,22.5667,59.5289,86.07,59,7,7.4
300,Le Passage,FR,2022-08-28 15:34:35,44.2014,0.6028,96.76,22,0,3.44
301,Cheney,US,2022-08-28 15:34:35,47.4874,-117.5758,57.99,68,20,9.22
302,Ewa Beach,US,2022-08-28 15:32:52,21.3156,-158.0072,77.43,82,75,10.36
303,Half Moon Bay,US,2022-08-28 15:34:35,37.4636,-122.4286,63.1,87,100,9.22
304,Sitka,US,2022-08-28 15:33:11,57.0531,-135.33,57.09,88,100,0.0
305,Fort Saint James,CA,2022-08-28 15:34:36,54.4333,-124.25,58.53,61,100,9.93
306,Winchester,GB,2022-08-28 15:31:30,51.0651,-1.3187,74.64,53,40,9.22
307,Ankola,IN,2022-08-28 15:34:36,14.6667,74.3,78.58,88,99,6.55
308,Gallup,US,2022-08-28 15:34:36,35.5281,-108.7426,66.04,59,0,5.75
309,Castro,BR,2022-08-28 15:34:37,-24.7911,-50.0119,78.35,36,55,5.57
310,Puerto Ayora,EC,2022-08-28 15:34:37,-0.7393,-90.3518,75.16,86,100,8.01
311,Dickinson,US,2022-08-28 15:34:37,29.4608,-95.0513,90.99,74,40,11.5
312,Wai,IN,2022-08-28 15:34:38,17.9333,73.9,70.47,92,100,5.14
313,San Jose De Guanipa,VE,2022-08-28 15:34:38,8.8872,-64.1651,86.95,53,30,7.72
314,Tazmalt,DZ,2022-08-28 15:34:38,36.3868,4.3989,100.4,21,2,8.16
315,Amahai,ID,2022-08-28 15:34:39,-3.3333,128.9167,76.8,90,98,2.42
316,Mumford,GH,2022-08-28 15:34:39,5.2618,-0.759,76.53,78,100,11.05
317,Luderitz,NA,2022-08-28 15:34:39,-26.6481,15.1594,62.15,57,0,27.83
318,Mahebourg,MU,2022-08-28 15:34:39,-20.4081,57.7,72.25,88,75,11.5
319,Noyabrsk,RU,2022-08-28 15:34:40,63.1994,75.4507,51.84,94,100,6.87
320,Clyde River,CA,2022-08-28 15:34:40,70.4692,-68.5914,37.63,100,100,4.61
321,Labuhan,ID,2022-08-28 15:34:40,-6.8844,112.2051,76.96,71,95,9.15
322,Houston,US,2022-08-28 15:29:59,29.7633,-95.3633,90.41,73,40,6.91
323,Anadyr,RU,2022-08-28 15:35:41,64.75,177.4833,46.9,87,40,2.24
324,Nelson Bay,AU,2022-08-28 15:35:41,-32.7167,152.15,60.01,93,48,10.0
325,Nenjiang,CN,2022-08-28 15:35:42,49.1833,125.2167,58.44,58,100,6.93
326,Pacific Grove,US,2022-08-28 15:35:42,36.6177,-121.9166,60.91,92,100,3.0
327,Scarborough,GB,2022-08-28 15:30:55,54.2797,-0.4044,72.97,70,89,5.01
328,Nioro,GM,2022-08-28 15:35:43,13.35,-15.75,87.24,71,92,5.57
329,Bafata,GW,2022-08-28 15:35:43,12.1667,-14.75,88.02,68,99,1.39
330,Port-Gentil,GA,2022-08-28 15:35:43,-0.7193,8.7815,80.56,65,75,9.22
331,Villa Carlos Paz,AR,2022-08-28 15:35:43,-31.4241,-64.4978,55.38,23,0,1.99
332,Ahipara,NZ,2022-08-28 15:35:44,-35.1667,173.1667,50.0,90,8,5.79
333,Stornoway,GB,2022-08-28 15:35:44,58.2093,-6.3865,60.04,94,75,6.91
334,Nova Olimpia,BR,2022-08-28 15:35:44,-14.7972,-57.2881,100.04,18,38,6.22
335,Tessalit,ML,2022-08-28 15:35:45,20.1986,1.0114,96.91,27,100,8.01
336,Palmer,US,2022-08-28 15:35:45,42.1584,-72.3287,77.52,73,75,1.99
337,Tougue,GN,2022-08-28 15:35:45,11.4667,-11.6,77.14,81,50,5.1
338,Kyzyl-Suu,KG,2022-08-28 15:35:46,42.3414,78.0056,56.61,45,15,4.03
339,Los Llanos De Aridane,ES,2022-08-28 15:35:46,28.6585,-17.9182,71.35,80,75,7.0
340,Ballina,AU,2022-08-28 15:35:46,-28.8667,153.5667,57.02,99,16,3.8
341,Antalaha,MG,2022-08-28 15:35:46,-14.9003,50.2788,70.5,81,23,10.33
342,Kalengwa,ZM,2022-08-28 15:35:47,-13.4659,25.0027,80.02,18,8,5.06
343,Niamey,NE,2022-08-28 15:35:47,13.5137,2.1098,86.29,54,75,9.22
344,Padang,ID,2022-08-28 15:35:47,-0.9492,100.3543,73.45,92,100,2.42
345,Hithadhoo,MV,2022-08-28 15:35:48,-0.6,73.0833,82.17,75,67,13.6
346,Omsukchan,RU,2022-08-28 15:35:48,62.5333,155.8,46.71,94,100,5.21
347,Mumbwa,ZM,2022-08-28 15:35:48,-14.9783,27.0619,78.06,20,0,6.64
348,Havre-Saint-Pierre,CA,2022-08-28 15:35:48,50.2334,-63.5986,64.76,72,0,20.71
349,Cururupu,BR,2022-08-28 15:35:49,-1.8283,-44.8683,88.32,52,54,8.39
350,Bunbury,AU,2022-08-28 15:31:27,-33.3333,115.6333,46.11,81,44,8.37
351,Lagoa,PT,2022-08-28 15:35:49,39.05,-27.9833,71.47,67,100,14.52
352,Mount Gambier,AU,2022-08-28 15:35:49,-37.8333,140.7667,56.64,53,71,10.56
353,Khatanga,RU,2022-08-28 15:35:50,71.9667,102.5,34.32,80,51,5.37
354,Hofn,IS,2022-08-28 15:35:50,64.2539,-15.2082,55.42,71,75,9.22
355,Limon,CR,2022-08-28 15:35:50,10.0,-83.0333,85.05,74,40,5.75
356,Siocon,PH,2022-08-28 15:35:50,7.7061,122.1353,79.02,87,7,5.41
357,Itaituba,BR,2022-08-28 15:35:51,-4.2761,-55.9836,91.56,58,20,5.75
358,Tukrah,LY,2022-08-28 15:35:51,32.5341,20.5791,82.22,66,24,16.93
359,Port Blair,IN,2022-08-28 15:35:51,11.6667,92.75,80.64,89,40,2.3
360,Rorvik,NO,2022-08-28 15:35:52,64.8621,11.2373,53.71,82,75,8.05
361,Troitskoye,RU,2022-08-28 15:35:52,52.9821,84.6757,49.98,60,38,1.77
362,Biak,ID,2022-08-28 15:35:52,-0.9131,122.8766,75.2,88,85,5.82
363,Mubi,NG,2022-08-28 15:35:52,10.2676,13.2644,69.12,96,100,3.78
364,Caravelas,BR,2022-08-28 15:35:53,-17.7125,-39.2481,74.46,78,71,5.57
365,Komsomolskiy,UZ,2022-08-28 15:35:53,40.4272,71.7189,81.32,24,40,13.8
366,Kruisfontein,ZA,2022-08-28 15:35:53,-34.0033,24.7314,59.88,74,31,10.87
367,Calumboyan,PH,2022-08-28 15:35:54,10.7917,124.0267,80.17,79,7,2.37
368,Palauig,PH,2022-08-28 15:35:54,15.435,119.9045,81.1,81,100,3.87
369,Ilo,PE,2022-08-28 15:36:54,-17.6394,-71.3375,63.43,70,100,9.22
370,Bubaque,GW,2022-08-28 15:36:54,11.2833,-15.8333,82.11,77,90,11.39
371,Zhigansk,RU,2022-08-28 15:36:55,66.7697,123.3711,49.1,77,100,12.55
372,Kailua,US,2022-08-28 15:36:55,21.4022,-157.7394,77.49,72,75,10.36
373,Basar,IN,2022-08-28 15:36:55,27.9833,94.6667,72.43,100,100,1.32
374,Kamina,CD,2022-08-28 15:36:56,-8.7386,24.9906,84.25,22,82,3.71
375,San Carlos,VE,2022-08-28 15:36:56,9.6612,-68.5827,83.5,70,30,4.18
376,Ixtapa,MX,2022-08-28 15:36:56,20.7,-105.2,85.23,69,20,1.01
377,Carmen,MX,2022-08-28 15:36:56,18.6333,-91.8333,82.44,74,40,6.91
378,Galle,LK,2022-08-28 15:36:57,6.0367,80.217,78.89,86,76,10.78
379,Wanning,CN,2022-08-28 15:36:57,18.8003,110.3967,79.83,86,83,3.94
380,Ureki,GE,2022-08-28 15:36:57,41.9956,41.7786,84.16,86,2,5.88
381,Sujiatun,CN,2022-08-28 15:36:57,41.6592,123.3392,64.58,82,0,4.47
382,Leningradskiy,RU,2022-08-28 15:36:58,69.3833,178.4167,36.27,93,96,0.67
383,Seoul,KR,2022-08-28 15:36:58,37.5683,126.9778,72.84,76,0,3.44
384,Arequipa,PE,2022-08-28 15:35:34,-16.3989,-71.535,64.47,16,0,6.91
385,Vaitape,PF,2022-08-28 15:36:58,-16.5167,-151.75,76.78,75,7,8.19
386,Kulachi,PK,2022-08-28 15:36:59,31.9286,70.4592,93.06,50,14,8.03
387,Roma,US,2022-08-28 15:36:59,43.2128,-75.4557,81.09,67,0,4.61
388,Matveyevka,RU,2022-08-28 15:36:59,52.15,56.1833,77.0,31,56,4.88
389,Jeremie,HT,2022-08-28 15:36:59,18.65,-74.1167,86.59,64,98,5.41
390,Nador,MA,2022-08-28 15:37:00,35.174,-2.9287,86.07,83,75,8.05
391,Souillac,MU,2022-08-28 15:37:00,-20.5167,57.5167,71.98,88,75,11.5
392,Kanniyakumari,IN,2022-08-28 15:37:00,8.0833,77.5667,78.37,83,24,16.51
393,Blythe,US,2022-08-28 15:37:01,33.6103,-114.5964,92.03,55,0,9.22
394,Kintampo,GH,2022-08-28 15:37:01,8.0563,-1.7306,77.09,84,100,7.99
395,Zaozerne,UA,2022-08-28 15:37:01,45.1582,33.2787,79.79,63,0,9.17
396,Paamiut,GL,2022-08-28 15:37:01,61.994,-49.6678,43.88,59,100,3.38
397,San Jose,US,2022-08-28 15:32:54,37.3394,-121.895,63.73,82,75,11.5
398,Coquimbo,CL,2022-08-28 15:37:02,-29.9533,-71.3436,53.33,100,40,9.22
399,Praya,CV,2022-08-28 15:37:02,14.9215,-23.5087,79.34,73,75,19.57
400,Vilcun,CL,2022-08-28 15:37:02,-38.65,-72.2333,50.74,49,0,3.49
401,Eunice,US,2022-08-28 15:37:03,30.4944,-92.4176,86.99,73,2,8.03
402,Karpogory,RU,2022-08-28 15:37:03,64.0019,44.4451,65.21,71,34,3.0
403,Arman,RU,2022-08-28 15:37:03,59.7,150.1667,53.02,90,100,6.69
404,Guerrero Negro,MX,2022-08-28 15:37:04,27.9769,-114.0611,71.92,75,90,13.02
405,Escanaba,US,2022-08-28 15:33:19,45.7453,-87.0646,75.25,94,75,11.5
406,Saint-Pierre,RE,2022-08-28 15:37:04,-21.3393,55.4781,73.29,81,75,11.5
407,Alofi,NU,2022-08-28 15:37:04,-19.0595,-169.9187,62.49,100,36,1.14
408,Quakenbruck,DE,2022-08-28 15:37:05,52.6833,7.95,73.6,47,4,14.94
409,Thinadhoo,MV,2022-08-28 15:37:05,0.5333,72.9333,81.37,77,65,15.37
410,Vilyuysk,RU,2022-08-28 15:37:05,63.7553,121.6247,48.97,78,14,11.14
411,Tweed,CA,2022-08-28 15:37:05,44.4751,-77.3162,78.22,73,41,6.24
412,Zaysan,KZ,2022-08-28 15:37:06,47.4667,84.8667,60.85,26,0,8.37
413,Novoilinsk,RU,2022-08-28 15:37:06,51.6829,108.7143,48.9,79,97,3.29
414,Jalu,LY,2022-08-28 15:37:06,29.0331,21.5482,97.47,23,0,12.66
415,Poltavka,RU,2022-08-28 15:37:06,54.3663,71.7632,60.48,47,9,6.35
416,Santa Isabel Do Rio Negro,BR,2022-08-28 15:37:07,-0.4139,-65.0192,79.65,85,99,3.71
417,San Quintin,MX,2022-08-28 15:38:07,30.4833,-115.95,69.6,79,97,7.76
418,Manggar,ID,2022-08-28 15:38:08,-2.8833,108.2667,79.81,78,100,5.84
419,Ulagan,RU,2022-08-28 15:38:08,50.6321,87.9563,40.91,90,18,1.34
420,Mattru,SL,2022-08-28 15:38:08,7.6244,-11.8332,72.52,98,100,7.92
421,Diffa,NE,2022-08-28 15:38:08,13.3154,12.6113,78.93,71,100,14.03
422,Artvin,TR,2022-08-28 15:38:09,41.1667,41.8333,71.49,91,0,5.12
423,Sao Filipe,CV,2022-08-28 15:38:09,14.8961,-24.4956,78.08,77,100,11.16
424,Alihe,CN,2022-08-28 15:38:09,50.5667,123.7167,51.24,93,47,1.95
425,Pucallpa,PE,2022-08-28 15:38:10,-8.3791,-74.5539,86.04,66,20,0.0
426,Bacabal,BR,2022-08-28 15:35:54,-4.2917,-44.7917,96.46,24,41,6.49
427,Kuala Terengganu,MY,2022-08-28 15:38:10,5.3302,103.1408,80.55,89,40,5.01
428,Sao Joao Da Barra,BR,2022-08-28 15:38:10,-21.6403,-41.0511,86.09,68,7,17.38
429,Broome,US,2022-08-28 15:38:11,42.2506,-75.833,82.69,69,0,5.75
430,Santo Tomas,PH,2022-08-28 15:38:11,14.1079,121.1414,75.56,94,85,1.23
431,San Fernando,PH,2022-08-28 15:38:11,15.0286,120.6898,78.53,96,91,3.74
432,Okoneshnikovo,RU,2022-08-28 15:38:12,54.8377,75.0834,59.47,54,0,7.63
433,Cuamba,MZ,2022-08-28 15:38:12,-14.8031,36.5372,79.75,25,24,3.65
434,Eyl,SO,2022-08-28 15:38:12,7.9803,49.8164,76.37,80,73,23.02
435,Miranda,CO,2022-08-28 15:38:12,3.2499,-76.2281,77.13,66,97,2.28
436,Dhidhdhoo,MV,2022-08-28 15:38:13,6.8833,73.1,80.78,82,75,18.63
437,Utinga,BR,2022-08-28 15:38:13,-5.8172,-35.3954,86.4,65,75,20.71
438,Mabaruma,GY,2022-08-28 15:38:13,8.2,-59.7833,82.4,89,40,9.22
439,Moerai,PF,2022-08-28 15:38:14,-22.4333,-151.3333,71.37,80,7,15.73
440,Poronaysk,RU,2022-08-28 15:38:14,49.2167,143.1167,55.54,90,84,6.82
441,Salalah,OM,2022-08-28 15:38:14,17.0151,54.0924,77.09,94,75,6.91
442,Puerto Leguizamo,CO,2022-08-28 15:38:15,-0.1934,-74.7819,77.68,82,98,0.58
443,Vila,PT,2022-08-28 15:38:15,42.0304,-8.1588,82.71,38,6,8.55
444,Sao Felix Do Xingu,BR,2022-08-28 15:38:15,-6.6447,-51.995,100.11,18,71,4.79
445,Ahuatempan,MX,2022-08-28 15:38:15,18.4167,-98.0167,66.13,75,78,4.68
446,Yumen,CN,2022-08-28 15:38:16,40.2833,97.2,69.69,30,89,5.91
447,Vardo,NO,2022-08-28 15:38:16,70.3705,31.1107,51.78,93,100,8.05
448,Pisco,PE,2022-08-28 15:38:16,-13.7,-76.2167,60.85,82,100,3.44
449,Ashland,US,2022-08-28 15:38:17,40.8167,-82.2665,81.97,65,13,5.68
450,Kedrovyy,RU,2022-08-28 15:38:17,56.1667,91.8167,46.87,72,100,12.73
451,Bishop Auckland,GB,2022-08-28 15:38:17,54.6555,-1.6771,64.85,79,98,10.13
452,Fairview,US,2022-08-28 15:38:18,40.8126,-73.999,79.48,71,100,9.22
453,Port Angeles,US,2022-08-28 15:38:18,48.1181,-123.4307,61.84,73,0,3.44
454,Preobrazheniye,RU,2022-08-28 15:38:18,42.9019,133.9064,62.42,67,75,5.82
455,Kyaikto,MM,2022-08-28 15:38:18,17.3,97.0167,79.16,88,40,1.92
456,Goderich,CA,2022-08-28 15:38:19,43.7501,-81.7165,76.91,60,100,11.5
457,Papetoai,PF,2022-08-28 15:38:19,-17.4961,-149.8729,72.55,76,0,4.88
458,Birnin Kebbi,NG,2022-08-28 15:38:19,12.4539,4.1975,80.26,72,89,7.56
459,Jizan,SA,2022-08-28 15:38:20,17.3333,42.6667,92.34,57,53,10.96
460,Tecoanapa,MX,2022-08-28 15:38:20,16.5167,-98.75,82.96,70,98,0.47
461,Sochi,RU,2022-08-28 15:37:50,43.6,39.7303,82.49,84,0,6.73
462,Baran,IN,2022-08-28 15:38:20,25.1,76.5167,82.49,67,100,4.56
463,Santa Cruz,BO,2022-08-28 15:38:21,-17.8,-63.1667,82.45,36,26,23.02
464,Iquitos,PE,2022-08-28 15:38:21,-3.7481,-73.2472,84.24,65,40,1.14
465,Orlovskiy,RU,2022-08-28 15:39:21,46.8714,42.0592,88.92,15,68,21.41
466,Mizan Teferi,ET,2022-08-28 15:39:21,6.9833,35.5833,61.61,96,56,0.69
467,Karachi,PK,2022-08-28 15:34:46,24.9056,67.0822,80.42,78,40,6.91
468,Morshansk,RU,2022-08-28 15:39:22,53.4435,41.8107,80.64,24,100,4.16
469,North Platte,US,2022-08-28 15:36:18,41.1239,-100.7654,78.69,41,0,8.05
470,Santana Do Livramento,BR,2022-08-28 15:37:02,-30.8908,-55.5328,50.9,52,6,15.55
471,Chapais,CA,2022-08-28 15:39:22,49.7834,-74.8492,69.58,46,98,13.69
472,Naifaru,MV,2022-08-28 15:39:23,5.4444,73.3657,79.93,80,63,17.16
473,Chiapilla,MX,2022-08-28 15:39:23,16.5167,-92.7333,73.2,78,97,1.95
474,Batouri,CM,2022-08-28 15:39:23,4.4333,14.3667,77.95,71,48,5.1
475,Asau,RO,2022-08-28 15:39:24,46.4333,26.4,88.72,47,53,1.32
476,Mehamn,NO,2022-08-28 15:39:24,71.0357,27.8492,49.95,87,75,5.75
477,Bure,ET,2022-08-28 15:39:24,10.7,37.0667,56.66,95,96,4.34
478,Cairns,AU,2022-08-28 15:39:24,-16.9167,145.7667,72.07,94,100,18.41
479,Utrecht,NL,2022-08-28 15:37:13,52.0,5.25,73.98,53,14,5.99
480,Grande Prairie,CA,2022-08-28 15:37:08,55.1667,-118.8027,51.98,71,75,5.75
481,Flinders,AU,2022-08-28 15:39:25,-34.5833,150.8552,60.39,79,75,5.95
482,Dudinka,RU,2022-08-28 15:39:25,69.4058,86.1778,38.62,85,66,7.27
483,Svetlaya,RU,2022-08-28 15:39:25,46.5389,138.3297,56.3,77,0,7.94
484,Varzea Da Palma,BR,2022-08-28 15:39:26,-17.5981,-44.7308,91.56,20,12,4.05
485,Roswell,US,2022-08-28 15:38:13,34.0232,-84.3616,85.71,78,40,6.91
486,Hamilton,US,2022-08-28 15:37:41,39.1834,-84.5333,87.22,66,20,6.91
487,Muyezerskiy,RU,2022-08-28 15:39:26,63.9333,31.65,56.5,90,98,5.84
488,Northam,GB,2022-08-28 15:39:27,51.0333,-4.2167,72.25,73,98,9.73
489,Sioux Lookout,CA,2022-08-28 15:39:27,50.1001,-91.917,73.47,73,40,13.8
490,Kjollefjord,NO,2022-08-28 15:39:27,70.9457,27.3465,51.85,87,75,5.75
491,Senneterre,CA,2022-08-28 15:39:27,48.3835,-77.2328,71.91,50,100,12.71
492,Whakatane,NZ,2022-08-28 15:39:28,-37.9585,176.9854,43.52,97,15,7.18
493,Najibabad,IN,2022-08-28 15:39:28,29.6333,78.3333,79.59,83,93,4.18
494,Griffith,US,2022-08-28 15:39:28,41.5284,-87.4237,84.09,72,0,13.8
495,Berezovka,BY,2022-08-28 15:39:29,53.7214,25.4993,77.07,52,43,4.81
496,Sayyan,YE,2022-08-28 15:39:29,15.1718,44.3244,70.21,34,72,8.5
497,Churapcha,RU,2022-08-28 15:39:29,62.0025,132.4325,47.14,84,51,2.1
498,Tiarei,PF,2022-08-28 15:39:29,-17.5333,-149.3333,73.0,76,3,5.12
499,Okhotsk,RU,2022-08-28 15:39:30,59.3833,143.3,52.2,95,100,9.19
500,Soteapan,MX,2022-08-28 15:39:30,18.2333,-94.8667,70.23,79,100,3.6
501,Orotukan,RU,2022-08-28 15:39:30,62.2667,151.7,49.68,78,100,4.34
502,Bintulu,MY,2022-08-28 15:39:31,3.1667,113.0333,77.41,94,40,2.3
503,Ankazobe,MG,2022-08-28 15:39:31,-18.3167,47.1167,60.49,51,7,8.01
504,Karasuk,RU,2022-08-28 15:39:31,53.7377,78.0403,59.32,51,27,4.79
505,Aiton,RO,2022-08-28 15:39:32,46.6833,23.7333,82.44,39,0,6.91
506,Netrakona,BD,2022-08-28 15:39:32,24.8833,90.7167,80.38,86,100,5.28
507,Gonzalez,US,2022-08-28 15:39:32,30.5816,-87.2914,86.58,83,40,9.22
508,Dalvik,IS,2022-08-28 15:39:33,65.9702,-18.5286,57.13,55,100,2.3
509,Khromtau,KZ,2022-08-28 15:40:33,50.2503,58.4347,73.27,39,17,9.26
510,Samarinda,ID,2022-08-28 15:40:33,-0.5,117.15,73.44,99,94,1.41
511,Waharoa,NZ,2022-08-28 15:40:33,-37.7667,175.7667,48.43,88,6,4.97
512,Tashtyp,RU,2022-08-28 15:40:34,52.7939,89.8983,44.53,75,61,4.85
513,Hualmay,PE,2022-08-28 15:40:34,-11.0964,-77.6139,66.25,69,36,10.36
514,Aksarka,RU,2022-08-28 15:40:34,66.5606,67.7975,46.99,75,100,7.02
515,Gualaquiza,EC,2022-08-28 15:40:34,-3.4,-78.55,70.86,74,90,1.28
516,Funadhoo,MV,2022-08-28 15:40:35,6.15,73.2667,80.49,83,79,16.55
517,Alyangula,AU,2022-08-28 15:40:35,-13.8483,136.4192,73.27,88,75,0.0
518,Eureka,US,2022-08-28 15:40:35,40.8021,-124.1637,54.21,77,80,2.71
519,Reforma,MX,2022-08-28 15:40:36,18.1,-91.0167,86.94,62,55,9.64
520,Gizo,SB,2022-08-28 15:40:36,-8.103,156.8419,80.6,79,100,8.43
521,Ust-Kuyga,RU,2022-08-28 15:40:36,70.0167,135.6,48.65,85,98,6.04
522,Boende,CD,2022-08-28 15:40:36,-0.2167,20.8667,80.56,71,98,4.23
523,Tolyatti,RU,2022-08-28 15:40:37,53.5303,49.3461,74.91,41,98,4.72
524,Comodoro Rivadavia,AR,2022-08-28 15:40:37,-45.8667,-67.5,55.26,30,0,11.5
525,Bharatpur,IN,2022-08-28 15:40:37,27.2167,77.4833,89.65,47,100,4.45
526,Bathsheba,BB,2022-08-28 15:40:37,13.2167,-59.5167,88.41,70,40,17.27
527,Bac Lieu,VN,2022-08-28 15:38:07,9.285,105.7244,81.1,79,100,3.94
528,Norilsk,RU,2022-08-28 15:40:18,69.3535,88.2027,38.43,75,99,3.44
529,Kapit,MY,2022-08-28 15:40:38,2.0167,112.9333,74.8,99,100,2.24
530,Great Bend,US,2022-08-28 15:40:38,38.3645,-98.7648,75.33,83,0,12.66
531,Kenitra,MA,2022-08-28 15:40:38,34.261,-6.5802,77.76,67,38,7.2
532,Fonte Boa,BR,2022-08-28 15:40:39,-2.4959,-66.2662,89.11,52,91,3.02
533,Susanville,US,2022-08-28 15:40:39,40.4163,-120.653,75.13,35,0,3.44
534,Mandali,IQ,2022-08-28 15:40:39,33.7499,45.5541,103.26,7,0,11.68
535,Araouane,ML,2022-08-28 15:40:40,18.9048,-3.5265,96.58,32,57,12.75
536,Wundanyi,KE,2022-08-28 15:40:40,-3.4019,38.364,64.31,56,69,13.33
537,Tovste,UA,2022-08-28 15:40:40,48.8466,25.7262,85.08,26,28,5.97
538,Meadow Lake,US,2022-08-28 15:40:40,34.8014,-106.5436,80.13,55,3,4.34
539,Taoudenni,ML,2022-08-28 15:40:41,22.6783,-3.9836,108.52,16,28,16.73
540,Belize,BZ,2022-08-28 15:40:41,17.25,-88.75,84.52,67,61,5.75
541,Olafsvik,IS,2022-08-28 15:40:41,64.8945,-23.7142,52.18,87,100,17.25
542,Kachiry,KZ,2022-08-28 15:40:42,53.0675,76.1036,59.81,45,1,3.87
543,Zyryanka,RU,2022-08-28 15:40:42,65.75,150.85,55.54,61,99,7.18
544,Yarada,IN,2022-08-28 15:40:42,17.65,83.2667,84.52,79,40,2.3
545,Moberly,US,2022-08-28 15:40:42,39.4184,-92.4382,77.68,74,40,6.91
546,Kang,BW,2022-08-28 15:40:43,-23.6752,22.7876,78.46,15,0,3.83
547,Kem,RU,2022-08-28 15:40:43,64.9555,34.5793,60.94,87,98,10.18
548,Tibacuy,CO,2022-08-28 15:40:43,4.3511,-72.4564,87.57,58,64,2.55
549,Songea,TZ,2022-08-28 15:40:44,-10.6833,35.65,72.75,38,75,5.75
550,Cukai,MY,2022-08-28 15:40:44,4.25,103.4167,78.75,85,100,1.59
551,Te Anau,NZ,2022-08-28 15:40:44,-45.4167,167.7167,37.8,94,44,0.94
552,Sorland,NO,2022-08-28 15:40:44,67.667,12.6934,53.46,84,100,19.19
553,Srivardhan,IN,2022-08-28 15:40:45,18.0333,73.0167,79.25,81,92,4.29
554,Road Town,VG,2022-08-28 15:40:45,18.4167,-64.6167,87.89,79,40,9.22
555,Issaquah,US,2022-08-28 15:41:45,47.5301,-122.0326,60.51,86,100,3.44
556,Bafq,IR,2022-08-28 15:41:46,31.6128,55.4107,81.77,8,0,9.19
557,Buraydah,SA,2022-08-28 15:41:24,26.326,43.975,102.65,10,14,8.63
558,Nagold,DE,2022-08-28 15:41:46,48.5498,8.7237,76.91,69,91,6.49
559,San Ramon,US,2022-08-28 15:41:46,37.7799,-121.978,63.75,86,100,9.22
560,Buala,SB,2022-08-28 15:41:47,-8.145,159.5921,78.48,85,30,9.51
561,Ismailia,EG,2022-08-28 15:41:47,30.6043,32.2723,89.67,43,0,13.8
562,Cordoba,AR,2022-08-28 15:41:47,-31.4135,-64.1811,59.41,26,0,4.61
563,Aykhal,RU,2022-08-28 15:41:47,66.0,111.5,43.5,98,81,8.93
564,Koslan,RU,2022-08-28 15:41:48,63.4564,48.8989,64.27,67,25,4.14
565,Storforshei,NO,2022-08-28 15:41:48,66.4043,14.5233,52.66,81,75,9.22
566,Mayo,US,2022-08-28 15:41:48,38.8876,-76.5119,85.46,82,75,4.61
567,College,US,2022-08-28 15:41:49,64.8569,-147.8028,52.9,91,75,0.0
568,Baykit,RU,2022-08-28 15:41:49,61.67,96.37,40.33,97,94,5.17
569,Qixingtai,CN,2022-08-28 15:41:49,30.4135,111.8874,69.19,77,94,13.89
570,Shitanjing,CN,2022-08-28 15:41:49,39.2342,106.3439,65.01,36,82,6.89
571,Mangrol,IN,2022-08-28 15:41:50,21.1167,70.1167,80.76,74,100,8.99
572,Dubuque,US,2022-08-28 15:41:50,42.4833,-90.8668,75.79,83,0,12.66
573,Sangareddi,IN,2022-08-28 15:41:50,17.6294,78.0917,77.32,82,100,0.89
574,Fort Walton Beach,US,2022-08-28 15:41:51,30.4058,-86.6188,88.18,73,20,5.75
575,Norfolk,US,2022-08-28 15:41:51,42.1668,-71.2495,80.78,66,20,4.61
576,Korla,CN,2022-08-28 15:41:51,41.7597,86.1469,75.81,29,51,5.57
577,Kavieng,PG,2022-08-28 15:41:52,-2.5744,150.7967,82.35,78,22,16.22
578,Gweta,BW,2022-08-28 15:41:52,-20.1833,25.2333,80.78,18,0,8.99
579,Carahue,CL,2022-08-28 15:41:52,-38.7,-73.1667,53.44,49,0,4.76
580,Petropavlovsk-Kamchatskiy,RU,2022-08-28 15:41:52,53.0452,158.6483,54.19,100,100,4.47
581,Abeche,TD,2022-08-28 15:41:53,13.8292,20.8324,86.02,59,20,9.22
582,Salinopolis,BR,2022-08-28 15:38:02,-0.6136,-47.3561,84.83,67,81,13.24
583,Marks,RU,2022-08-28 15:41:53,51.7111,46.7486,83.68,21,97,10.45
584,Key Largo,US,2022-08-28 15:41:53,25.0865,-80.4473,85.98,56,97,6.87
585,Vieux-Habitants,GP,2022-08-28 15:41:54,16.0589,-61.7659,87.71,69,12,10.71
586,Vestmannaeyjar,IS,2022-08-28 15:41:54,63.4427,-20.2734,52.79,93,75,17.27
587,Great Yarmouth,GB,2022-08-28 15:41:54,52.6083,1.7305,72.41,64,93,8.7
588,Srednekolymsk,RU,2022-08-28 15:41:54,67.45,153.6833,54.45,62,83,1.5
589,Boa Vista,BR,2022-08-28 15:41:55,2.8197,-60.6733,76.98,83,75,2.3
590,Fort Nelson,CA,2022-08-28 15:41:15,58.8053,-122.7002,51.39,82,75,4.61
591,Pierre,US,2022-08-28 15:41:55,44.3683,-100.351,76.12,73,40,18.41
592,Poso,ID,2022-08-28 15:41:55,-1.3959,120.7524,75.99,88,98,6.17
593,Iralaya,HN,2022-08-28 15:41:56,15.0,-83.2333,85.01,70,84,6.76
594,Tagusao,PH,2022-08-28 15:41:56,9.1924,117.8141,79.65,79,4,6.62
595,Nampula,MZ,2022-08-28 15:41:56,-15.1165,39.2666,78.75,38,40,9.22
596,Ambilobe,MG,2022-08-28 15:41:57,-13.2,49.05,71.65,73,38,1.92
597,San Policarpo,PH,2022-08-28 15:41:57,12.1791,125.5072,82.11,81,8,8.46
598,Beirut,LB,2022-08-28 15:41:02,33.8889,35.4944,84.94,70,20,12.66
599,Koshurnikovo,RU,2022-08-28 15:41:57,54.1667,93.3,43.02,76,99,2.95
600,Gwanda,ZW,2022-08-28 15:41:57,-20.9333,29.0,74.01,22,0,7.87
601,Imbituba,BR,2022-08-28 15:41:58,-28.24,-48.6703,55.62,86,100,20.18
602,Ndele,CF,2022-08-28 15:41:58,8.4109,20.6473,74.7,88,74,5.41
603,Vestmanna,FO,2022-08-28 15:42:58,62.1564,-7.1664,50.92,76,20,14.97
604,Pangkalanbuun,ID,2022-08-28 15:42:59,-2.6833,111.6167,73.8,99,100,1.21
605,Lichinga,MZ,2022-08-28 15:42:59,-13.3128,35.2406,69.89,40,20,10.36
606,Kheri,IN,2022-08-28 15:42:59,27.9,80.8,79.47,91,98,5.86
607,Zhezkazgan,KZ,2022-08-28 15:43:00,47.8043,67.7144,78.73,30,76,16.89
608,Cassilandia,BR,2022-08-28 15:43:00,-19.1133,-51.7342,96.24,16,0,3.15
609,Matara,LK,2022-08-28 15:43:00,5.9485,80.5353,77.86,87,85,9.91
610,Nakhon Thai,TH,2022-08-28 15:43:00,17.1006,100.8374,76.91,95,87,2.04
611,Hermosillo,MX,2022-08-28 15:42:50,29.0667,-110.9667,83.28,77,89,4.0
612,Tomatlan,MX,2022-08-28 15:43:01,19.9333,-105.25,85.68,65,100,2.71
613,Barra Dos Coqueiros,BR,2022-08-28 15:43:01,-10.9089,-37.0386,80.62,65,75,11.5
614,Ponerihouen,NC,2022-08-28 15:43:02,-21.0833,165.4,69.84,86,99,11.25
615,Dong Hoi,VN,2022-08-28 15:43:02,17.4833,106.6,80.87,84,77,7.14
616,Abha,SA,2022-08-28 15:43:02,18.2164,42.5053,78.62,64,40,4.61
617,Bulgan,MN,2022-08-28 15:43:03,48.8125,103.5347,48.74,89,60,3.53
618,Benjamin Aceval,PY,2022-08-28 15:43:03,-24.9667,-57.5667,66.6,56,100,15.43
619,Morro Bay,US,2022-08-28 15:41:18,35.3658,-120.8499,63.59,93,50,3.8
620,Luba,GQ,2022-08-28 15:43:03,3.4568,8.5547,82.29,80,83,2.77
621,Dzhebariki-Khaya,RU,2022-08-28 15:43:04,62.2167,135.8,48.58,75,36,0.07
622,Kamaishi,JP,2022-08-28 15:43:04,39.2667,141.8833,62.47,84,0,6.42
623,Rocha,UY,2022-08-28 15:43:04,-34.4833,-54.3333,50.54,50,76,16.17
624,Belaya Gora,RU,2022-08-28 15:43:04,68.5333,146.4167,50.65,76,6,3.96
625,Weligama,LK,2022-08-28 15:43:05,5.9667,80.4167,78.08,87,82,9.91
626,Bambanglipuro,ID,2022-08-28 15:43:05,-7.95,110.2833,74.71,75,99,7.54
627,Kysyl-Syr,RU,2022-08-28 15:43:05,63.8986,122.7617,47.61,79,23,9.95
628,Rochegda,RU,2022-08-28 15:43:06,62.8,43.25,70.16,74,32,2.53
629,Port Augusta,AU,2022-08-28 15:43:06,-32.5,137.7667,57.81,31,36,7.65
630,La Orilla,MX,2022-08-28 15:43:06,17.9833,-102.2333,85.53,59,93,2.13
631,Coos Bay,US,2022-08-28 15:42:31,43.3665,-124.2179,60.24,91,0,6.91
632,Lingyuan,CN,2022-08-28 15:43:07,41.24,119.4011,57.85,91,100,4.59
633,Bilibino,RU,2022-08-28 15:43:07,68.0546,166.4372,48.94,66,80,1.86
634,Rjukan,NO,2022-08-28 15:43:07,59.8789,8.5941,67.44,68,85,5.7
635,Axim,GH,2022-08-28 15:43:07,4.8699,-2.2405,78.46,74,100,10.76
636,Tezu,IN,2022-08-28 15:43:08,27.9167,96.1667,76.3,98,100,1.63
637,Fulton,US,2022-08-28 15:43:08,33.7668,-84.4499,86.25,78,40,8.05
638,Mana,GF,2022-08-28 15:43:08,5.6592,-53.7767,87.55,59,45,7.58
639,Semme,FR,2022-08-28 15:43:09,46.1963,1.5007,84.61,29,63,5.06
640,Cascais,PT,2022-08-28 15:43:09,38.6979,-9.4215,75.16,69,0,11.99
641,Yola,NG,2022-08-28 15:43:09,9.2,12.4833,74.08,91,100,3.98
642,Moron,AR,2022-08-28 15:43:10,-34.6534,-58.6198,53.49,42,0,8.39
643,Cockburn Town,TC,2022-08-28 15:43:10,21.4612,-71.1419,83.32,75,18,19.19
644,Sacueni,RO,2022-08-28 15:43:10,47.35,22.1,93.22,28,61,7.34
645,Guozhen,CN,2022-08-28 15:43:10,34.3659,107.359,62.83,97,100,1.77
646,Gisborne,NZ,2022-08-28 15:43:11,-38.6533,178.0042,50.49,72,100,14.88
647,Chastyye,RU,2022-08-28 15:44:11,57.2888,54.9728,69.6,56,75,2.44
648,Gunjur,GM,2022-08-28 15:44:11,13.2019,-16.7339,89.67,66,75,0.0
649,Bonaventure,CA,2022-08-28 15:44:12,48.0457,-65.4926,70.38,61,3,7.49
650,Balabac,PH,2022-08-28 15:44:12,7.9868,117.0645,83.05,77,5,12.82
651,Mildura,AU,2022-08-28 15:44:12,-34.2,142.15,56.07,59,40,15.55
652,Haines Junction,CA,2022-08-28 15:44:13,60.7522,-137.5108,40.95,100,99,0.0
653,Pankovka,RU,2022-08-28 15:44:13,58.5,31.1999,76.57,45,99,2.15
654,Vagur,FO,2022-08-28 15:44:13,61.4732,-6.8119,50.29,79,13,14.47
655,Mweka,CD,2022-08-28 15:44:13,-4.85,21.5667,82.83,51,89,0.51
656,Quelimane,MZ,2022-08-28 15:44:14,-17.8786,36.8883,76.95,78,20,14.97
657,Edd,ER,2022-08-28 15:44:14,13.9297,41.6925,90.99,61,11,6.96
658,Vao,NC,2022-08-28 15:44:14,-22.6667,167.4833,68.76,74,100,19.53
659,Freeport,US,2022-08-28 15:44:15,40.6576,-73.5832,81.28,65,75,12.66
660,Bilma,NE,2022-08-28 15:44:15,18.6853,12.9164,95.94,28,96,0.72
661,Izhma,RU,2022-08-28 15:44:16,65.0083,53.9113,61.81,65,76,4.47
662,Hobyo,SO,2022-08-28 15:43:14,5.3505,48.5268,76.01,78,8,27.0
663,Tortoli,IT,2022-08-28 15:43:10,39.9256,9.6572,87.62,66,20,6.91
664,Marsaxlokk,MT,2022-08-28 15:44:16,35.8419,14.5431,86.07,70,20,8.05
665,Igarka,RU,2022-08-28 15:44:16,67.4667,86.5833,35.8,67,64,4.74
666,Burdur,TR,2022-08-28 15:44:17,37.7203,30.2908,88.5,27,40,8.05
667,Beyneu,KZ,2022-08-28 15:44:17,45.3167,55.2,89.17,18,10,6.91
668,Honningsvag,NO,2022-08-28 15:44:17,70.9821,25.9704,51.55,76,100,13.8
669,Porto Empedocle,IT,2022-08-28 15:44:18,37.2934,13.5264,82.27,63,1,7.99
670,Aguimes,ES,2022-08-28 15:44:18,27.9054,-15.4461,77.67,53,20,28.77
671,Cayenne,GF,2022-08-28 15:44:18,4.9333,-52.3333,89.64,55,75,4.61
672,Torbat-E Jam,IR,2022-08-28 15:44:18,35.244,60.6225,74.61,15,0,13.76
673,Kibala,TD,2022-08-28 15:44:19,9.1104,18.3463,82.35,69,20,8.05
674,Egvekinot,RU,2022-08-28 15:44:19,66.3167,-179.1667,39.76,92,66,3.49
675,Riberalta,BO,2022-08-28 15:44:19,-10.9833,-66.1,86.2,66,100,0.0
676,Kutum,SD,2022-08-28 15:44:20,14.2,24.6667,83.97,36,89,10.54
677,Teya,RU,2022-08-28 15:44:20,60.3778,92.6267,43.7,94,99,5.61
678,Kasongo-Lunda,CD,2022-08-28 15:44:20,-6.4667,16.8167,90.01,34,91,5.06
679,Rawah,IQ,2022-08-28 15:44:20,34.4816,41.9093,99.21,12,0,11.18
680,Wewak,PG,2022-08-28 15:44:21,-3.5534,143.6268,78.8,86,100,8.5
681,Oksfjord,NO,2022-08-28 15:44:21,70.2396,22.3479,54.0,85,100,6.64
682,Turukhansk,RU,2022-08-28 15:44:21,65.8167,87.9833,36.14,67,100,5.57
683,San Cristobal,VE,2022-08-28 15:44:22,7.7669,-72.225,77.18,46,56,8.19
684,Nicoya,CR,2022-08-28 15:44:22,10.1483,-85.452,82.92,75,26,2.73
685,Samarai,PG,2022-08-28 15:44:22,-10.6167,150.6667,79.84,83,80,14.72
686,Cefalu,IT,2022-08-28 15:44:23,38.0386,14.0229,83.53,71,71,5.01
687,Vostok,RU,2022-08-28 15:44:23,46.4856,135.8833,46.65,95,28,4.47
688,Qingdao,CN,2022-08-28 15:44:23,36.0986,120.3719,65.8,88,100,4.47
689,Sao Jose Da Coroa Grande,BR,2022-08-28 15:40:45,-8.8978,-35.1478,78.6,72,45,10.65
690,Kyrksaeterora,NO,2022-08-28 15:44:24,63.2906,9.0891,55.35,64,79,4.47
691,Prince Rupert,CA,2022-08-28 15:40:09,54.3161,-130.3201,57.29,94,100,20.71
692,Villefranche-De-Rouergue,FR,2022-08-28 15:44:24,44.3333,2.0,89.04,16,41,4.5
693,Kirov,RU,2022-08-28 15:45:24,58.5966,49.6601,67.12,66,40,4.54
694,Omboue,GA,2022-08-28 15:45:25,-1.5746,9.2618,77.27,70,51,11.59
695,Phalombe,MW,2022-08-28 15:45:25,-15.8064,35.6507,73.71,32,30,0.69
696,Surin,TH,2022-08-28 15:42:30,14.8818,103.4936,81.37,79,85,4.47
697,Kehl,DE,2022-08-28 15:45:25,48.573,7.8152,81.39,50,0,9.22
698,Lianran,CN,2022-08-28 15:45:25,24.9227,102.485,66.74,93,99,2.86
699,Natal,BR,2022-08-28 15:43:34,-5.795,-35.2094,86.22,66,40,20.71
700,Curvelo,BR,2022-08-28 15:45:26,-18.7564,-44.4308,90.73,21,0,1.25
701,Giddalur,IN,2022-08-28 15:45:26,15.35,78.9167,81.01,75,99,2.06
702,Xochistlahuaca,MX,2022-08-28 15:45:26,16.7833,-98.25,80.98,73,100,3.58
703,Smithers,CA,2022-08-28 15:45:27,54.7804,-127.1743,53.92,94,100,4.61
704,Charlestown,AU,2022-08-28 15:45:27,-32.95,151.6667,60.73,93,53,1.99
705,Candido Mendes,BR,2022-08-28 15:45:27,-1.4467,-45.7167,86.94,57,91,9.13
706,Lucapa,AO,2022-08-28 15:45:28,-8.4192,20.7447,79.41,43,99,0.81
707,Dandong,CN,2022-08-28 15:45:28,40.1292,124.3947,62.33,77,100,1.52
708,Marmande,FR,2022-08-28 15:45:28,44.5,0.1667,93.51,30,81,6.31
709,Sainte-Rose,GP,2022-08-28 15:45:28,16.3324,-61.6979,88.18,89,75,11.5
710,Henderson,US,2022-08-28 15:44:02,36.0397,-114.9819,90.66,28,0,10.36
711,Kamphaeng Phet,TH,2022-08-28 15:45:29,16.25,99.5,78.85,84,61,4.23
712,Bitung,ID,2022-08-28 15:44:37,1.4451,125.1824,74.25,86,98,4.99
713,Elizabeth City,US,2022-08-28 15:45:29,36.2946,-76.2511,89.01,64,20,8.05
714,Kristiinankaupunki,FI,2022-08-28 15:45:29,62.2743,21.376,58.03,62,100,8.81
715,Kuytun,RU,2022-08-28 15:45:30,54.3419,101.5036,39.9,87,68,6.67
716,Candolim,IN,2022-08-28 15:45:30,15.5181,73.7626,79.38,86,98,10.11
